name,type,lat,lng
Nadial & Hospital ground,toilet,22.5555719,88.2606485
Public Toilet,toilet,22.5625393,88.2298601
Pay & Use Toilet,toilet,22.4872385,88.3347971
SBM TOILET,toilet,22.526945,88.265139
Barovatarider addakhana,toilet,22.5319124,88.2560213
Panudeep's Bari,toilet,22.4947028,88.3068474
Majher Para Masjid,toilet,22.5506103,88.267299
Toilet,toilet,22.521723,88.2539358
Bostir Bari,toilet,22.5230231,88.2527638
KMC Pay and Use Toilet,toilet,22.5242682,88.2701666
Pay and use toilet KMC,toilet,22.5616235,88.363117
Pay and use toilet,toilet,22.5470592,88.3610542
Pay and use Toilet,toilet,22.5584004,88.3668416
SBM TOILET,toilet,22.5649918,88.3687852
Toilet,toilet,22.5616052,88.3674004
Pay And Use Toilet By KMC,toilet,22.5539238,88.3568707
PAY & USE TOILET,toilet,22.558396,88.3725818
Public Toilet,toilet,22.5552669,88.3663684
Pay & Use Toilet,toilet,22.5688659,88.3654321
Public toilet,toilet,22.5602654,88.369255
Tiolet,toilet,22.5583706,88.3669189
SBM TOILET,toilet,22.560018,88.369207
SBM TOILET,toilet,22.5616583,88.3631962
KMC Toilet,toilet,22.5614848,88.3674306
70 beniapukur road,toilet,22.550694,88.3699309
PAY&USE TOILET,toilet,22.5540469,88.3713536
Pay and use toilet,toilet,22.5461932,88.3713218
Paddapukur Park- Toilet,toilet,22.5538625,88.3713907
PUBLIC TOILET,toilet,22.547477,88.3706261
Geetanjali Traders Private Limited,toilet,22.5707274,88.3611569
Ashoka Sanitation,toilet,22.5709309,88.3612285
Toilet,toilet,22.5999937,88.3620031
Pay & Use Toilet,toilet,22.5959086,88.3625995
Public Toilet 🚽,toilet,22.5980765,88.3560749
Public Toilet,toilet,22.5948841,88.3587322
Public Toilet,toilet,22.6007021,88.3636453
Pay & Use Public Toilet Complex,toilet,22.5934069,88.3519521
Public Bathroom & Toilet,toilet,22.5911771,88.3560791
Pay & Use Toilet,toilet,22.5924432,88.3534449
Pay & use toilet,toilet,22.5953523,88.3598583
Toilet,toilet,22.5987259,88.3563767
Pay and Use Toilet,toilet,22.5999066,88.3727829
Public toilet,toilet,22.6013199,88.3690982
Open Free toilet,toilet,22.5987106,88.3748456
PAY & USE TOILET,toilet,22.600357,88.3588995
Pay & Use Toilet,toilet,22.6044897,88.365615
"ROTARY CENTRAL KOLKATA , Pay and use toilet",toilet,22.6043265,88.3697803
Swachh Public Toilet,toilet,22.6047887,88.3681733
Public toilet,toilet,22.5964511,88.3634068
Pay & Use Toilet,toilet,22.6052772,88.3745096
Public toilet,toilet,22.5889281,88.3689099
SBM TOILET,toilet,22.59281,88.35682
BENGAL SANITATIONS — JAQUAR AUTHORISED DEALER,toilet,22.6040434,88.3732818
SBM TOILET,toilet,22.596946,88.372038
SBM TOILET,toilet,22.5933528,88.3737267
SBM TOILET,toilet,22.6006,88.37029
Pay & Use Toilet,toilet,22.5932092,88.3702227
Pay And Use Toilet,toilet,22.6008706,88.3635671
Public Toilet,toilet,22.5879425,88.3673271
SBM TOILET,toilet,22.5940766,88.3520098
SBM TOILET,toilet,22.59749,88.37067
Rahul house,toilet,22.60002,88.3597065
B.M. SONS & COMPANY,toilet,22.597101,88.3621579
SBM TOILET,toilet,22.5890304,88.3691579
SBM TOILET,toilet,22.6061868,88.3686694
Girish,toilet,22.592971,88.3646076
Bhagyeswar temple,toilet,22.5981526,88.3640011
Gori shankar line 10 b,toilet,22.5920762,88.3635277
K M C Toilet,toilet,22.6029139,88.3761797
Pay and Use toilet,toilet,22.5986337,88.3746809
SBM TOILET,toilet,22.5607,88.3523
Pay & Use Toilet,toilet,22.5653215,88.3494641
SBM TOILET,toilet,22.5607,88.3523
Sulav Souchalaya Esplanade,toilet,22.5597594,88.3559844
SBM TOILET,toilet,22.564816,88.3592658
SBM TOILET,toilet,22.56147,88.363197
সুলভ শৌচালয়,toilet,22.56327,88.350358
Pay And Use Toilet,toilet,22.5666967,88.3544791
SBM Public Toilet Bowbazar,toilet,22.5666981,88.3544787
Pay & Use Toilet,toilet,22.5616154,88.3523793
Pay & Use Toilet,toilet,22.5676585,88.3572522
Pay and Use Toilet,toilet,22.564274,88.3506645
Public Toilet,toilet,22.5642669,88.3479727
Toilet,toilet,22.5660396,88.3568608
Public Toilet,toilet,22.563283,88.3491959
Public toiler,toilet,22.5667937,88.3543404
Use and Pay Toilet,toilet,22.5693235,88.355788
Pay And Use Toilet,toilet,22.5558359,88.3510428
PAY & USE TOILET,toilet,22.5661811,88.3567626
Public Toilet,toilet,22.5604652,88.3524708
Public Toilet,toilet,22.5630305,88.3558006
Pay & Use Toilet,toilet,22.5616631,88.3513038
Pay & Use Toilet,toilet,22.5657856,88.3581645
PAY & USE TOILET,toilet,22.5698694,88.3584203
PA & USE TOILET,toilet,22.5627125,88.3554369
Public Toilet,toilet,22.5616905,88.3600492
Pay & use toilet complex,toilet,22.5601299,88.3523561
Toilet,toilet,22.5686881,88.3708876
Public toilets,toilet,22.5695511,88.3612611
Free Public Toilet,toilet,22.564144,88.3604399
Toilet,toilet,22.5616579,88.3564607
SBM TOILET,toilet,22.5617815,88.3531563
Public Urinal,toilet,22.5560941,88.3510232
Sulov Souchaloy,toilet,22.5627125,88.3554369
SBM TOILET,toilet,22.5616016,88.3520927
SBM TOILET,toilet,22.5617804,88.3531593
SBM TOILET,toilet,22.561726,88.3533567
Washroom near Wali enterprise,toilet,22.5670256,88.3531864
Sulabh shauchalaya,toilet,22.5674499,88.3503866
PAY & USE TOILET,toilet,22.565032,88.3855238
Public toilet,toilet,22.5643487,88.3883639
Sagar raj,toilet,22.564902,88.3854917
SBM TOILET,toilet,22.570738,88.377306
PAY & USE TOILET,toilet,22.573556,88.3848936
Toilet,toilet,22.564975,88.3818536
Pay and use toilet,toilet,22.57072,88.3892956
সুলভ শৌচালয়,toilet,22.5621598,88.3839597
Public toilet,toilet,22.5698473,88.3903781
SBM TOILET,toilet,22.5725421,88.3773816
SBM TOILET,toilet,22.572893,88.387041
Sulabh Complex,toilet,22.5704704,88.3893385
Central,metro,22.5724857,88.3587427
Park Street,metro,22.5551591,88.3501171
Kavi Nazrul,metro,22.4642505,88.3804604
Shahid Khudiram,metro,22.4659847,88.3915408
Kavi Subhash (Blue Line),metro,22.4721697,88.397961
Netaji,metro,22.4809928,88.3460002
Mahanayak Uttam Kumar,metro,22.4947692,88.3450879
Dum Dum,metro,22.6211141,88.3928973
Rabindra Sarobar,metro,22.5072216,88.3454936
Kalighat,metro,22.5168752,88.3458448
Jatin Das Park,metro,22.5241535,88.3464729
Netaji Bhavan,metro,22.5331821,88.3459269
Rabindra Sadan,metro,22.5414899,88.3473493
Maidan,metro,22.5494672,88.3487883
Chandni Chowk,metro,22.5670118,88.3541581
Esplanade (Line 1),metro,22.5636143,88.3512099
Mahatma Gandhi Road,metro,22.5809206,88.3613271
Girish Park,metro,22.5871445,88.3629415
Shobhabazar Sutanuti,metro,22.595881,88.3651996
Shyambazar,metro,22.601335,88.3724974
Belgachia,metro,22.6059241,88.3863913
Noapara,metro,22.6398418,88.3941343
Nalban Metro Station,metro,22.5733404,88.4212209
Karunamoyee,metro,22.58638,88.4215312
Central Park,metro,22.5904737,88.4156247
City Centre,metro,22.5870993,88.4078908
Bengal Chemical,metro,22.5800666,88.4012962
Salt Lake Stadium,metro,22.5731115,88.4030891
Phoolbagan,metro,22.5721268,88.3902408
Salt Lake Sector V,metro,22.5809434,88.4290872
Baranagar,metro,22.6530765,88.3805962
Behala Bazar,metro,22.4987585,88.3173872
Behala Chowrasta,metro,22.4873548,88.3133794
Sealdah,metro,22.5666059,88.3697815
Dakshineshwar,metro,22.6540325,88.3637533
Thakurpukur,metro,22.4643677,88.3075322
Sakher Bazar,metro,22.4748533,88.3099593
Taratala,metro,22.5076863,88.3203842
Joka,metro,22.452347,88.3018236
Hemanta Mukhopadhyay,metro,22.5148514,88.4014276
Kavi Sukanta,metro,22.5053017,88.4009957
Jyotirindra Nandi,metro,22.4956263,88.398449
Satyajit Ray,metro,22.4846775,88.3926447
Mahakaran,metro,22.5720777,88.3505275
Howrah,metro,22.5833648,88.3403452
Howrah Maidan,metro,22.5838585,88.3339983
Majerhat,metro,22.5191466,88.3236555
Esplanade (Line 2),metro,22.5641292,88.3502752
Kavi Subhash,metro,22.4711093,88.3980989
Beleghata,metro,22.5507084,88.4039852
Barun Sengupta,metro,22.5438072,88.3992762
Ritwik Ghatak,metro,22.5329995,88.3964191
VIP Bazar,metro,22.5246847,88.3962331
Jai Hind,metro,22.6473058,88.4373029
Jessore Road,metro,22.6392646,88.4297701
Dum Dum Cantonment,metro,22.6375936,88.4121618
Subway to CTC Bus Stand and Road Crossing,metro,22.4941217,88.3453164
Masterda Surya Sen,metro,22.4734404,88.3608976
Kavi Subhash,metro,22.4720495,88.3979473
Gitanjali,metro,22.4694673,88.3700116
Pay and use toilet,toilet,22.5680392,88.3786791
SBM TOILET,toilet,22.5605171,88.3822209
Toilet,toilet,22.5670445,88.3719055
SBM TOILET,toilet,22.574702,88.37762
SBM TOILET,toilet,22.57209,88.391663
PAY & USE TOILET,toilet,22.5603296,88.3821861
SBM TOILET,toilet,22.577152,88.3818496
SBM TOILET,toilet,22.563429,88.396282
Pay & Use Toilet,toilet,22.5746748,88.3734198
SBM TOILET,toilet,22.558624,88.383076
SBM TOILET,toilet,22.5692377,88.3745401
Toilet,toilet,22.5685473,88.3720208
Pay & Use Toilet,toilet,22.5704696,88.4039698
PAY AND USE TOILET,toilet,22.5650359,88.3702202
Pay and. Use toilets,toilet,22.554403,88.3846145
Toilet 1no platform,toilet,22.5688381,88.3711772
Sealdah Public Convinence Toilets,toilet,22.5661518,88.3704376
Pay & Use Toilet,toilet,22.560402,88.3917031
Pay & Use Toilet,toilet,22.567792,88.3710203
SBM TOILET,toilet,22.5763227,88.3705352
PAY & USE TOILET,toilet,22.5763528,88.3630913
SBM TOILET,toilet,22.5798395,88.3781231
SBM TOILET,toilet,22.578646,88.37426
"""PAY & USE"" SULABH TOILET COMPLEX",toilet,22.572616,88.367269
Balaji Traders,toilet,22.5769357,88.390262
Public Toilet,toilet,22.565172,88.397913
Police kc dhore,toilet,22.563266,88.3782705
PAY & USE TOILET,toilet,22.5785562,88.3740527
Ladies toilet,toilet,22.56765,88.3700058
SBM TOILET,toilet,22.5738791,88.3720089
K G Bose Sarani Sub Post Office,toilet,22.5681664,88.3860944
Tangra,toilet,22.5598698,88.3852847
Toilet Pay And Use,toilet,22.5681599,88.3696316
Public Toilet,toilet,22.5522213,88.3827466
ESSCO Authorised Dealer - Tirupati Global Trade Pvt Ltd,toilet,22.5667717,88.3938449
Moti Jheel United Sporting Club,toilet,22.5594094,88.3762083
"KOHLER Authorised Exclusive Showroom - The Tiles Shop,Kolkata",toilet,22.5412695,88.3876147
REVATA EXIM CORPORATION,toilet,22.5727773,88.3897318
Public Toilet,toilet,22.5410866,88.3978854
Pay & Use Toilet,toilet,22.5364485,88.3732599
Toilet for toiletless people,toilet,22.5798752,88.3654526
Toilet,toilet,22.5756701,88.365944
SBM TOILET,toilet,22.5775678,88.3778159
SBM TOILET,toilet,22.57778,88.369496
Public Toilet,toilet,22.5835338,88.3716183
SBM TOILET,toilet,22.58163,88.378672
Jents Toilet,toilet,22.5851226,88.3653858
SBM TOILET,toilet,22.582613,88.381533
Toilet - Bou Bazar,toilet,22.5657526,88.3651274
PAY & USE TOILET,toilet,22.5799692,88.361496
Samad michael,toilet,22.5734828,88.3689938
সুলভ শৌচালয়,toilet,22.5816765,88.3786825
SBM TOILET,toilet,22.5763447,88.3704739
Swachh Public Toilet,toilet,22.5649771,88.3668618
Toilet,toilet,22.5670581,88.3691525
Public toilet,toilet,22.5724554,88.358936
PAY & USE TOILET,toilet,22.5976109,88.3722028
PAY & USE TOILET,toilet,22.578152,88.3504771
Public Toilet,toilet,22.601257,88.3725769
Shyam Sanitary Emporium - Sanitary Showroom in Kolkata,toilet,22.5693452,88.3604978
Pay and Use Toilet,toilet,22.5859241,88.3624295
Pay And Use Toilets - Shyambazar,toilet,22.5996441,88.3660882
Bath Sanitation,toilet,22.5681745,88.35965
Toilet in Coffee House,toilet,22.5761893,88.3639973
Toilet Pay And Use,toilet,22.5661525,88.3704376
PAY And Use Kmc Toilet,toilet,22.5524199,88.2613004
SBM TOILET,toilet,22.5525597,88.2613114
SBM TOILET,toilet,22.5370914,88.2558829
Pay & Use Toilet,toilet,22.5366416,88.2548834
Pay And Use Toilet Complex,toilet,22.5710869,88.2649118
Pay & Use Toilet,toilet,22.5240566,88.2716827
Toilet,toilet,22.5206135,88.2579002
Best plumber in kolkata,toilet,22.5549255,88.2511168
Pay and use toilet,toilet,22.5656437,88.2817474
SBM TOILET,toilet,22.4998531,88.3398576
Baghajatin Station Public Toilet,toilet,22.4833996,88.3859563
Toilet - Baghajatin শৌচালয় -বাঘাযতীন,toilet,22.4847388,88.3728914
Baghajatin station road,toilet,22.4831535,88.3833052
টয়লেট,toilet,22.4815224,88.3851612
SBM TOILET,toilet,22.4765,88.3817
Sulav Souchalay,toilet,22.4765713,88.381657
Pay & Use Toilet,toilet,22.475539,88.37631
SBM TOILET,toilet,22.4837917,88.3854077
PAY and USE TOILET,toilet,22.4718189,88.3894353
Pay and Use Toilet East Rajapur C Block,toilet,22.4844702,88.3857822
Public toilet,toilet,22.4886719,88.3732476
Layalka Pukur - Pay & Use Toilet,toilet,22.485285,88.3692786
Pay & Use Toilet,toilet,22.471641,88.3778979
SBM TOILET,toilet,22.4756296,88.3763013
SBM TOILET,toilet,22.491617,88.382806
SULABH COMPLEX,toilet,22.4862955,88.3660814
Sulabh Souchalay,toilet,22.4852998,88.369218
Nirman,toilet,22.4823736,88.3757051
Baghajatin,toilet,22.4827398,88.3866517
"I Block More, Baghajatin",toilet,22.4816775,88.377691
Subhagata Guest House - Garia,toilet,22.4712904,88.3781316
Dass Associates,toilet,22.4890498,88.3727251
JAS Enterprise,toilet,22.4895562,88.3724283
Debalaya Mancha & Shradhyo Basor (Stage & Community Center),toilet,22.4843903,88.3785812
AP Studio,toilet,22.482905,88.383645
KOLKATA BIO TOILET,toilet,22.4356724,88.2918075
Baghajatin Bazar,toilet,22.4842235,88.3741321
G2 Interior,toilet,22.4850366,88.3712796
Baghajatin Rail Gate Bazar,toilet,22.4801462,88.3902153
Satyajit Ray Metro Station,toilet,22.4839198,88.3922501
"UltraTech Business Solution ( UBS ) - PRABIR SARKAR , Baghajatin , Kolkata",toilet,22.4843808,88.3739794
KOLKATA PLAST,toilet,22.4760781,88.376325
Bijoygarh,toilet,22.487223,88.367746
Pay And Use Toilet,toilet,22.5146536,88.3652903
Pay and Use Toilet,toilet,22.5111446,88.3649693
Pay And Use Toilet,toilet,22.5190877,88.3662724
Pay & Use Toilet,toilet,22.5017837,88.3587283
PAY & USE TOILET,toilet,22.5043208,88.3666567
Pay & Use Toilet,toilet,22.5187165,88.3542249
Pay And Use Toilet - Tollygunge,toilet,22.4933416,88.3450874
Public Toilet,toilet,22.4958589,88.3704953
Sulabh Toilet Complex,toilet,22.5182255,88.3582356
Public Toilet,toilet,22.5192315,88.3651999
PAY & USE TOILET,toilet,22.5150812,88.3594473
Lake gardens Toilet,toilet,22.5120794,88.3536763
Public Toilet,toilet,22.5121451,88.3636952
Jodhpur,toilet,22.5074448,88.363809
Public Toilet & Bathroom,toilet,22.5131275,88.3559613
Public toilet,toilet,22.5201602,88.3463013
Pay and use toilet,toilet,22.5167803,88.354136
PAY & USE TOILET,toilet,22.5086664,88.3457124
SBM TOILET,toilet,22.514632,88.365219
PAY & USE TOILET,toilet,22.5208232,88.3704003
"Toilet, platform No. '02'",toilet,22.5090638,88.3712782
Public Toilet,toilet,22.5005907,88.3451562
Public Toilet,toilet,22.4870563,88.3615838
PAY & USE TOILET,toilet,22.5103744,88.3714478
Public Toilet,toilet,22.5236553,88.3458579
Lake Sanitary Museum (1986),toilet,22.5181133,88.3660978
Pay & Use Toilet,toilet,22.5026848,88.3667246
Public Toilet,toilet,22.5111504,88.3508385
Dhakuria public toilet,toilet,22.5093706,88.3712712
Swachh Public Toilet,toilet,22.5258183,88.3541839
Swachh Public Toilet,toilet,22.5194844,88.381704
PAY & USE TOILET,toilet,22.5255239,88.3472703
PAY & USE TOILET,toilet,22.5292848,88.353682
Bath Palace,toilet,22.5190906,88.3458105
PAY & USE TOILET,toilet,22.5143264,88.3468242
PAY & USE TOILET,toilet,22.4785146,88.355896
PAY & USE TOILET,toilet,22.5288773,88.3666715
"Quiet, conveniently-located, south Kolkata, 3-bedroom, 3-bathroom comfortably furnished apartment - Three-Bedroom Apartment",toilet,22.4909897,88.3616562
Lake mell public toilet,toilet,22.5165824,88.3487111
KMC Pay & Use Toilet,toilet,22.5191825,88.3770026
PAY & USE TOILET,toilet,22.5442175,88.3262759
PAY AND USE TOILET,toilet,22.5388084,88.3217294
SBM TOILET,toilet,22.54051,88.33078
Washroom Or Toilet,toilet,22.5404144,88.3305525
PAY & USE TOILET,toilet,22.5291136,88.3216962
Lane Number 8 Common Toilet,toilet,22.5282731,88.3196911
Sulabh Pay N Use Toilet Complex,toilet,22.5397018,88.3273875
Pay & Use Toilet,toilet,22.5400298,88.343108
PAY & USE TOILET,toilet,22.5419398,88.3268441
PAY AND USE TOILET,toilet,22.5345767,88.3204144
Toilet,toilet,22.5344849,88.3324411
SBM TOILET,toilet,22.5399875,88.3199951
Kolkata Zoo Toilet,toilet,22.5373855,88.3334047
SBM TOILET,toilet,22.541638,88.31916
Public Toilet,toilet,22.5370325,88.3333366
BNR Public Toilet,toilet,22.5379331,88.3108544
Public toilet,toilet,22.5378534,88.3398255
Free toilet for both ladies and gents,toilet,22.5332148,88.3308667
Pay And Use Toilet,toilet,22.5188381,88.3220525
Free male Toilet Alipur Zoo,toilet,22.5370264,88.3333554
Zoo park Toilet,toilet,22.5406893,88.3308674
Community Toilet,toilet,22.5275376,88.3369525
ITC Mahila Shauchalya,toilet,22.5286454,88.3198767
Locality Toilet,toilet,22.5256285,88.3048917
PUBLIC TOILETS,toilet,22.5141208,88.3466795
Public Toilets,toilet,22.5109816,88.3461501
Male toilet Bathroom,toilet,22.5411244,88.3428441
Chupa chawan room,toilet,22.5254096,88.3270815
SBM TOILET,toilet,22.52696,88.33729
ITC Purush Shauchalya,toilet,22.5286222,88.3198537
Community Toilet,toilet,22.5257731,88.3054769
SBM TOILET,toilet,22.5221551,88.3318504
Alipore Museum Toilet,toilet,22.524716,88.3394253
Toilet Rangata,toilet,22.5433728,88.310562
Majerhat male toilet,toilet,22.51876,88.3221361
Toilet,toilet,22.5363413,88.3268628
The Calcutta Medical Research Institute Toilet,toilet,22.5321679,88.3271132
Pay&use toilet,toilet,22.520371,88.3408782
Pay & use Toilet,toilet,22.5143276,88.3925786
Pay & Use Toilet,toilet,22.4933828,88.3899139
SBM TOILET,toilet,22.5144,88.3926
SBM TOILET,toilet,22.5139,88.3805
Kasba RTO Public Toilet,toilet,22.5142295,88.400873
Kmc pay and use toilet,toilet,22.5138831,88.4013037
SBM TOILET,toilet,22.5195224,88.3811033
Bathkit A unit of Parryscare Kalikapur Branch,toilet,22.5024843,88.3926061
Hindware Brand Store - Paul Sanitary Forum,toilet,22.5129565,88.3871438
HOSTINI NITOMBO,toilet,22.5111794,88.380139
Pay and use toilet,toilet,22.5021884,88.3823063
Parrys Care,toilet,22.5128568,88.3999966
2 BHK 2 Bathroom Apartment AC near Acropolis Mall Kolkata,toilet,22.5076084,88.3884888
2 BHK 2 Bathroom Apartment AC near Acropolis Mall Kolkata,toilet,22.5076008,88.3884888
Municipality Toilet,toilet,22.5672064,88.3407323
Public Toilet,toilet,22.571457,88.3474931
SBM TOILET,toilet,22.5769491,88.3612153
Pay and use toilet,toilet,22.5813243,88.361054
Sulabh Sauchalay,toilet,22.5859329,88.3628048
Pay & use toilets,toilet,22.5825325,88.3489479
PAY & USE TOILET,toilet,22.5855405,88.352552
Sulabh Complex,toilet,22.5857873,88.3680468
Pay use toilet,toilet,22.5815914,88.3610648
Toilet,toilet,22.5835002,88.3505461
Swachh Public Toilet,toilet,22.5767827,88.3611364
Barnaparichay pay and use Toilet,toilet,22.5777066,88.3638641
Pay and Use Toilet,toilet,22.5898558,88.3656479
Public Toilet,toilet,22.5811561,88.3611407
Public Toilet,toilet,22.5710487,88.361614
Sulabh sauchalay,toilet,22.5812974,88.3609739
SBM TOILET,toilet,22.585633,88.367997
Sadharan Shouchalay,toilet,22.5795872,88.3623877
Urine pass,toilet,22.5801093,88.3570866
PUBLIC TOILET PAY AND USE,toilet,22.462515,88.379776
Das plambing werk,toilet,22.4623011,88.402036
Pay and Use Toilet,toilet,22.4911535,88.4050866
Public Toilet (Pay and Use),toilet,22.4673078,88.4035237
Pay & Use Toilet,toilet,22.4911201,88.4029142
Patuli more,toilet,22.471697,88.3892366
Pay and use Toilet,toilet,22.4498592,88.3913835
Pay and use toilet,toilet,22.4632797,88.3854439
Pay and use toilet,toilet,22.4656732,88.3928086
Chakgaria Drainage Pumping Station,toilet,22.4769822,88.4022735
SBM TOILET,toilet,22.46747,88.404012
Public Toilet,toilet,22.4641602,88.3798539
Public toilet for male and female,toilet,22.4659232,88.376017
ashis adhikary,toilet,22.4797732,88.3978242
Sonai Street Public Toilet,toilet,22.5279477,88.3028939
B B Hall Public Toilet,toilet,22.5264562,88.3044667
Princep ghat station Public Toilet,toilet,22.5566295,88.3314486
Street Toilet,toilet,22.528044,88.3023836
Pay & Use Bathroom,toilet,22.5210516,88.30946
Pay and use toilet,toilet,22.5486734,88.2877633
Toilet,toilet,22.5256652,88.304232
Sonai road public toilet,toilet,22.529182,88.3043718
Public toilet,toilet,22.5273183,88.3038086
River View ORH,toilet,22.5462508,88.3080226
Toilet sonai,toilet,22.529528,88.3031045
Pasiyana Public Toilet,toilet,22.5289859,88.3024374
Community Toilet,toilet,22.5262459,88.3039166
MARINE CLUB,toilet,22.5408448,88.3072589
"eToilet, Dhakuria Lake",toilet,22.5097778,88.3588569
Sanjeet Rai toilet,toilet,22.530074,88.309404
Handicapped Public Toilet,toilet,22.5174097,88.3023075
Kolkata Port Trust Hospital,toilet,22.5178199,88.3214003
Khidderpore Dock,toilet,22.5435794,88.3151991
BNR Officers' Cl,toilet,22.5463997,88.3083764
Ranta plot Toilet,toilet,22.5260597,88.3049084
Pay and Use Toilet,toilet,22.5615902,88.4033838
Sulabh Shauchalay,toilet,22.5616904,88.4079886
Pay And Use Toilet,toilet,22.5710445,88.3964731
SBM TOILET,toilet,22.571192,88.3965
Pay and use toilet,toilet,22.5661283,88.4032562
PAY & USE TOILET,toilet,22.5586309,88.4098805
SBM TOILET,toilet,22.5635333,88.4029084
SULABH SAUCHALAYA,toilet,22.5718371,88.3916101
Children park toilet,toilet,22.5669547,88.4004663
"Sulabh Souchalay, Beliaghata",toilet,22.5634784,88.3962073
Pay & Use Toilet,toilet,22.5554845,88.3951453
Pay And Use Toilet,toilet,22.5719033,88.4064725
Pay And Use Toilet,toilet,22.5740722,88.4094414
Public toilet,toilet,22.5571943,88.4094092
PAY & USE TOILET,toilet,22.5533915,88.4063705
CALCUTTA BATH,toilet,22.5645758,88.386339
"GROHE Authorised Dealer - Wall And Floor I Bath & Sanitaryware, Shower, Faucets And Kitchen Mixer Taps",toilet,22.5633611,88.406754
PAY & USE TOILET,toilet,22.5845123,88.3918015
Balindar paswan,toilet,22.5604624,88.3951123
Bathroom pay,toilet,22.5433888,88.3867816
Pay Use Toilet,toilet,22.5854689,88.4203406
Toilet,toilet,22.5855471,88.4203291
Jeet International,toilet,22.5678104,88.3922797
Rabin Das,toilet,22.5526332,88.3974383
Public Toilet,toilet,22.5641184,88.4120492
Indian oil toilet,toilet,22.5416866,88.396932
Public Pay & Use Toilet,toilet,22.5655208,88.3979003
Maa Tara Marble,toilet,22.5636051,88.3921652
Srijoni Healing Home Pvt. Ltd.,toilet,22.5668952,88.3931476
Toilet,toilet,22.5858391,88.419486
Pay & Use Toilet - Tollygunge,toilet,22.5018642,88.3539297
KMC Pay & Use Toilet,toilet,22.4897719,88.3612705
Pay & Use Toilet,toilet,22.4935331,88.3719127
SBM TOILET,toilet,22.4933498,88.3450232
Ramaesis RPL,toilet,22.5041132,88.3479668
মজুমদা স্যানিট,toilet,22.4898751,88.3632497
Veda Container & Truck Bodies,toilet,22.495594,88.365668
Tollygunge Emergency Police Housing Estate Toilet,toilet,22.4951045,88.34761
Tollygunge Emergency Police Housing Estate Toilet,toilet,22.4951819,88.3476547
M L Roy & Co Sanitations Pvt Ltd,toilet,22.518354,88.3600472
Wannbe Industries,toilet,22.487797,88.3985713
Mind Malaria,toilet,22.4908152,88.4005035
Pay and Use Public Toilet,toilet,22.512259,88.40335
SBM TOILET,toilet,22.6264485,88.4178304
Public Toilet,toilet,22.621612,88.4326988
Public Toilet,toilet,22.6415811,88.4310251
সুলভ শৌচালয়,toilet,22.6263262,88.4176565
Pay and Use complex,toilet,22.6216089,88.4326981
K.M.C Pay & Use Toilet - New Alipore,toilet,22.5123994,88.3290176
Pay & Use Toilet,toilet,22.507368,88.3226243
Pay & Use Toilet - New Alipore,toilet,22.5070551,88.3371641
"KMC Pay & Use Toilet, Durgapur Colony",toilet,22.509685,88.332539
New Alipore,toilet,22.509622,88.3326326
SBM TOILET,toilet,22.4998913,88.3182898
SBM TOILET,toilet,22.5072865,88.3226217
Taratala Pay and Use Toilet (Public Toilet),toilet,22.5093045,88.3208456
Pay and Use toilet,toilet,22.517047,88.3406256
KMC Clean Complex,toilet,22.5154535,88.3344891
Pay and Use Toilet (Public Toilet),toilet,22.5135149,88.3226065
Sulabh complex,toilet,22.5124196,88.3290363
Pay & Use Toilet,toilet,22.509006,88.3361877
Public Toilet,toilet,22.5139194,88.3227811
SBM TOILET,toilet,22.499368,88.31701
SBM TOILET,toilet,22.51,88.34
Public Toilet,toilet,22.5093984,88.3064767
Sulabh Souchalaya,toilet,22.5069619,88.3372604
PAY & USE TOILET,toilet,22.5014688,88.3403779
SBM TOILET,toilet,22.52148,88.33952
A Penguin,toilet,22.5047522,88.3324308
Kalighat public toilet,toilet,22.5205018,88.341075
SBM TOILET,toilet,22.5013602,88.3309179
KMC Pay And Use Toilet,toilet,22.5176302,88.3457713
SBM TOILET,toilet,22.52388,88.3481
SBM TOILET,toilet,22.518,88.35696
SBM TOILET,toilet,22.524698,88.3523581
Pay & use toilet,toilet,22.5178745,88.3542204
Public toilet,toilet,22.5189772,88.3657186
SBM TOILET,toilet,22.51924,88.36202
SBM TOILET,toilet,22.51979,88.34653
Pay & Use Toilet,toilet,22.5200723,88.3465948
SBM TOILET,toilet,22.5199298,88.3599804
SULABH TOILET COMPLEX,toilet,22.532047,88.3529195
Pay and Use Toilet,toilet,22.5191949,88.3474897
Public Toilet,toilet,22.5293946,88.3721468
Public Toilet,toilet,22.5343906,88.3464683
Sanitary Sales,toilet,22.5181151,88.3456524
Toilet,toilet,22.6208625,88.4134219
Pay and use Toilet,toilet,22.6226444,88.3933022
সুলভ শৌচালয়(public Toilet),toilet,22.6291148,88.3930396
SBM TOILET,toilet,22.6352411,88.3981344
পায়খানা ঘর,toilet,22.6201527,88.3944183
SBM TOILET,toilet,22.6292551,88.3944065
Pay and use Toilet 10Rs,toilet,22.6197735,88.3921331
Male urinal,toilet,22.6202096,88.3932193
Sulav Souchalaya,toilet,22.6349684,88.4097855
Pay & Use Toilet (DumDum Junction),toilet,22.6214852,88.3924395
SBM TOILET,toilet,22.62553,88.38277
Public toilet,toilet,22.6199948,88.4134588
Jaquar Authorized Dealer - Gokul Stones & Tiles PVT LTD,toilet,22.6282952,88.4198237
বউ হারাবি বিকি,toilet,22.633686,88.408431
Sulabh Complex,toilet,22.6255228,88.3824744
Pay and Use Toilet,toilet,22.5085444,88.347497
Sulabh Souchalaya,toilet,22.506982,88.345265
KMC Pay & Use,toilet,22.5068216,88.3452641
Pay and Use Toilet,toilet,22.5083873,88.3538
Pay & use Toilet,toilet,22.5111386,88.3506793
Toilet for Handicapped,toilet,22.5077625,88.3471406
RadhaRadha Mirdha,toilet,22.4929402,88.3427552
Bad smell bathroom,toilet,22.507968,88.3413712
Pay & Use Toilet,toilet,22.4876439,88.3144391
SBM TOILET,toilet,22.4841719,88.3145238
প্রসাব & সোচালয়,toilet,22.482435,88.3107559
New Sarajini Art Press,toilet,22.486866,88.3129976
Pay & Use toilet James long,toilet,22.4843018,88.3144684
SBM TOILET,toilet,22.4920431,88.3076265
SBM Pay and Use Toilet,toilet,22.4873274,88.3131336
SBM TOILET,toilet,22.48836,88.323385
Pay And Use Toilet,toilet,22.4915268,88.3158678
PAY and USE TOILET,toilet,22.4855801,88.3399662
Pay and Use Toilet (Sulabh Souchalaya),toilet,22.4920407,88.3078797
Pay & Use Toilet,toilet,22.486938,88.3130548
Sulabh Souchaloy,toilet,22.4890916,88.3062879
toilet,toilet,22.4869135,88.3135468
SBM TOILET,toilet,22.4919552,88.3032064
Pay & Use Toilet,toilet,22.4883195,88.3233104
